polymer_id	source_accession	mature_position_1based	uniprot_position_1based	score_0_to_100	provenance_class
barnase	P00648	1	48	87	synthetic
barnase	P00648	2	49	93	synthetic
barnase	P00648	3	50	99	synthetic
barnase	P00648	4	51	74	synthetic
barnase	P00648	5	52	80	synthetic
barnase	P00648	6	53	86	synthetic
barnase	P00648	7	54	92	synthetic
barnase	P00648	8	55	98	synthetic
barnase	P00648	9	56	73	synthetic
barnase	P00648	10	57	79	synthetic
barnase	P00648	11	58	85	synthetic
barnase	P00648	12	59	91	synthetic
barnase	P00648	13	60	97	synthetic
barnase	P00648	14	61	72	synthetic
barnase	P00648	15	62	78	synthetic
barnase	P00648	16	63	84	synthetic
barnase	P00648	17	64	90	synthetic
barnase	P00648	18	65	96	synthetic
barnase	P00648	19	66	71	synthetic
barnase	P00648	20	67	77	synthetic
barnase	P00648	21	68	83	synthetic
barnase	P00648	22	69	89	synthetic
barnase	P00648	23	70	95	synthetic
barnase	P00648	24	71	70	synthetic
barnase	P00648	25	72	76	synthetic
barnase	P00648	26	73	82	synthetic
barnase	P00648	27	74	88	synthetic
barnase	P00648	28	75	94	synthetic
barnase	P00648	29	76	100	synthetic
barnase	P00648	30	77	75	synthetic
barnase	P00648	31	78	81	synthetic
barnase	P00648	32	79	87	synthetic
barnase	P00648	33	80	93	synthetic
barnase	P00648	34	81	99	synthetic
barnase	P00648	35	82	74	synthetic
barnase	P00648	36	83	80	synthetic
barnase	P00648	37	84	86	synthetic
barnase	P00648	38	85	92	synthetic
barnase	P00648	39	86	98	synthetic
barnase	P00648	40	87	73	synthetic
barnase	P00648	41	88	79	synthetic
barnase	P00648	42	89	85	synthetic
barnase	P00648	43	90	91	synthetic
barnase	P00648	44	91	97	synthetic
barnase	P00648	45	92	72	synthetic
barnase	P00648	46	93	78	synthetic
barnase	P00648	47	94	84	synthetic
barnase	P00648	48	95	90	synthetic
barnase	P00648	49	96	96	synthetic
barnase	P00648	50	97	71	synthetic
barnase	P00648	51	98	77	synthetic
barnase	P00648	52	99	83	synthetic
barnase	P00648	53	100	89	synthetic
barnase	P00648	54	101	95	synthetic
barnase	P00648	55	102	70	synthetic
barnase	P00648	56	103	76	synthetic
barnase	P00648	57	104	82	synthetic
barnase	P00648	58	105	88	synthetic
barnase	P00648	59	106	94	synthetic
barnase	P00648	60	107	100	synthetic
barnase	P00648	61	108	75	synthetic
barnase	P00648	62	109	81	synthetic
barnase	P00648	63	110	87	synthetic
barnase	P00648	64	111	93	synthetic
barnase	P00648	65	112	99	synthetic
barnase	P00648	66	113	74	synthetic
barnase	P00648	67	114	80	synthetic
barnase	P00648	68	115	86	synthetic
barnase	P00648	69	116	92	synthetic
barnase	P00648	70	117	98	synthetic
barnase	P00648	71	118	73	synthetic
barnase	P00648	72	119	79	synthetic
barnase	P00648	73	120	85	synthetic
barnase	P00648	74	121	91	synthetic
barnase	P00648	75	122	97	synthetic
barnase	P00648	76	123	72	synthetic
barnase	P00648	77	124	78	synthetic
barnase	P00648	78	125	84	synthetic
barnase	P00648	79	126	90	synthetic
barnase	P00648	80	127	96	synthetic
barnase	P00648	81	128	71	synthetic
barnase	P00648	82	129	77	synthetic
barnase	P00648	83	130	83	synthetic
barnase	P00648	84	131	89	synthetic
barnase	P00648	85	132	95	synthetic
barnase	P00648	86	133	70	synthetic
barnase	P00648	87	134	76	synthetic
barnase	P00648	88	135	82	synthetic
barnase	P00648	89	136	88	synthetic
barnase	P00648	90	137	94	synthetic
barnase	P00648	91	138	100	synthetic
barnase	P00648	92	139	75	synthetic
barnase	P00648	93	140	81	synthetic
barnase	P00648	94	141	87	synthetic
barnase	P00648	95	142	93	synthetic
barnase	P00648	96	143	99	synthetic
barnase	P00648	97	144	74	synthetic
barnase	P00648	98	145	80	synthetic
barnase	P00648	99	146	86	synthetic
barnase	P00648	100	147	92	synthetic
barnase	P00648	101	148	98	synthetic
barnase	P00648	102	149	73	synthetic
barnase	P00648	103	150	79	synthetic
barnase	P00648	104	151	85	synthetic
barnase	P00648	105	152	91	synthetic
barnase	P00648	106	153	97	synthetic
barnase	P00648	107	154	72	synthetic
barnase	P00648	108	155	78	synthetic
barnase	P00648	109	156	84	synthetic
barnase	P00648	110	157	90	synthetic
barstar	P11540	1	2	99	synthetic
barstar	P11540	2	3	74	synthetic
barstar	P11540	3	4	80	synthetic
barstar	P11540	4	5	86	synthetic
barstar	P11540	5	6	92	synthetic
barstar	P11540	6	7	98	synthetic
barstar	P11540	7	8	73	synthetic
barstar	P11540	8	9	79	synthetic
barstar	P11540	9	10	85	synthetic
barstar	P11540	10	11	91	synthetic
barstar	P11540	11	12	97	synthetic
barstar	P11540	12	13	72	synthetic
barstar	P11540	13	14	78	synthetic
barstar	P11540	14	15	84	synthetic
barstar	P11540	15	16	90	synthetic
barstar	P11540	16	17	96	synthetic
barstar	P11540	17	18	71	synthetic
barstar	P11540	18	19	77	synthetic
barstar	P11540	19	20	83	synthetic
barstar	P11540	20	21	89	synthetic
barstar	P11540	21	22	95	synthetic
barstar	P11540	22	23	70	synthetic
barstar	P11540	23	24	76	synthetic
barstar	P11540	24	25	82	synthetic
barstar	P11540	25	26	88	synthetic
barstar	P11540	26	27	94	synthetic
barstar	P11540	27	28	100	synthetic
barstar	P11540	28	29	75	synthetic
barstar	P11540	29	30	81	synthetic
barstar	P11540	30	31	87	synthetic
barstar	P11540	31	32	93	synthetic
barstar	P11540	32	33	99	synthetic
barstar	P11540	33	34	74	synthetic
barstar	P11540	34	35	80	synthetic
barstar	P11540	35	36	86	synthetic
barstar	P11540	36	37	92	synthetic
barstar	P11540	37	38	98	synthetic
barstar	P11540	38	39	73	synthetic
barstar	P11540	39	40	79	synthetic
barstar	P11540	40	41	85	synthetic
barstar	P11540	41	42	91	synthetic
barstar	P11540	42	43	97	synthetic
barstar	P11540	43	44	72	synthetic
barstar	P11540	44	45	78	synthetic
barstar	P11540	45	46	84	synthetic
barstar	P11540	46	47	90	synthetic
barstar	P11540	47	48	96	synthetic
barstar	P11540	48	49	71	synthetic
barstar	P11540	49	50	77	synthetic
barstar	P11540	50	51	83	synthetic
barstar	P11540	51	52	89	synthetic
barstar	P11540	52	53	95	synthetic
barstar	P11540	53	54	70	synthetic
barstar	P11540	54	55	76	synthetic
barstar	P11540	55	56	82	synthetic
barstar	P11540	56	57	88	synthetic
barstar	P11540	57	58	94	synthetic
barstar	P11540	58	59	100	synthetic
barstar	P11540	59	60	75	synthetic
barstar	P11540	60	61	81	synthetic
barstar	P11540	61	62	87	synthetic
barstar	P11540	62	63	93	synthetic
barstar	P11540	63	64	99	synthetic
barstar	P11540	64	65	74	synthetic
barstar	P11540	65	66	80	synthetic
barstar	P11540	66	67	86	synthetic
barstar	P11540	67	68	92	synthetic
barstar	P11540	68	69	98	synthetic
barstar	P11540	69	70	73	synthetic
barstar	P11540	70	71	79	synthetic
barstar	P11540	71	72	85	synthetic
barstar	P11540	72	73	91	synthetic
barstar	P11540	73	74	97	synthetic
barstar	P11540	74	75	72	synthetic
barstar	P11540	75	76	78	synthetic
barstar	P11540	76	77	84	synthetic
barstar	P11540	77	78	90	synthetic
barstar	P11540	78	79	96	synthetic
barstar	P11540	79	80	71	synthetic
barstar	P11540	80	81	77	synthetic
barstar	P11540	81	82	83	synthetic
barstar	P11540	82	83	89	synthetic
barstar	P11540	83	84	95	synthetic
barstar	P11540	84	85	70	synthetic
barstar	P11540	85	86	76	synthetic
barstar	P11540	86	87	82	synthetic
barstar	P11540	87	88	88	synthetic
barstar	P11540	88	89	94	synthetic
barstar	P11540	89	90	100	synthetic
