pair_index_0based	alignment_column_1based	alignment_index_0based	reference_accession	reference_uniprot_position_1based	reference_label_seq_id	reference_auth_seq_id	reference_residue	reference_ca_x	reference_ca_y	reference_ca_z	mobile_accession	mobile_uniprot_position_1based	mobile_label_seq_id	mobile_auth_seq_id	mobile_residue	mobile_ca_x	mobile_ca_y	mobile_ca_z
0	2	1	P69905	28	27	27	E	-4.710999965667725	6.900000095367432	25.6560001373291	P02197	28	28	28	E	-8.38599967956543	-0.4620000123977661	7.97599983215332
1	3	2	P69905	29	28	28	A	-1.7020000219345093	7.160999774932861	23.31800079345703	P02197	29	29	29	V	-6.531000137329102	0.5479999780654907	4.750999927520752
2	4	3	P69905	30	29	29	L	0.6669999957084656	6.140999794006348	26.190000534057617	P02197	30	30	30	L	-9.246999740600586	-0.9470000267028809	2.489000082015991
3	5	4	P69905	31	30	30	E	-1.6649999618530273	3.194999933242798	27.034000396728516	P02197	31	31	31	M	-12.17199993133545	0.42500001192092896	4.567999839782715
4	6	5	P69905	32	31	31	R	-1.7039999961853027	2.183000087738037	23.36400032043457	P02197	32	32	32	R	-10.625	3.934000015258789	4.367000102996826
5	7	6	P69905	33	32	32	M	2.0889999866485596	2.3429999351501465	23.33799934387207	P02197	33	33	33	L	-9.817999839782715	3.5169999599456787	0.6610000133514404
6	8	7	P69905	34	33	33	F	2.555999994277954	0.25999999046325684	26.517000198364258	P02197	34	34	34	F	-13.505999565124512	2.7039999961853027	-0.061000000685453415
7	9	8	P69905	35	34	34	L	0.30799999833106995	-2.5350000858306885	25.246000289916992	P02197	35	35	35	H	-14.715999603271484	5.513000011444092	2.25
8	10	9	P69905	36	35	35	S	1.5049999952316284	-2.5179998874664307	21.628999710083008	P02197	36	36	36	D	-12.336999893188477	8.267000198364258	0.9700000286102295
9	11	10	P69905	37	36	36	F	5.216000080108643	-2.0450000762939453	22.25200080871582	P02197	37	37	37	H	-12.456000328063965	7.0279998779296875	-2.696000099182129
10	12	11	P69905	38	37	37	P	5.986999988555908	-3.5829999446868896	25.663999557495117	P02197	38	38	38	P	-15.774999618530273	5.10699987411499	-3.306999921798706
11	13	12	P69905	39	38	38	T	9.668999671936035	-2.621999979019165	25.652000427246094	P02197	39	39	39	E	-14.914999961853027	4.736999988555908	-7.061999797821045
12	14	13	P69905	40	39	39	T	8.565999984741211	1.0429999828338623	26.166000366210938	P02197	40	40	40	T	-12.175000190734863	2.247999906539917	-6.0320000648498535
13	15	14	P69905	41	40	40	K	7.436999797821045	0.04399999976158142	29.68000030517578	P02197	41	41	41	L	-14.857999801635742	-0.1860000044107437	-4.686999797821045
14	16	15	P69905	42	41	41	T	11.131999969482422	-0.1889999955892563	30.69099998474121	P02197	42	42	42	D	-16.201000213623047	-0.6669999957084656	-8.277999877929688
15	17	16	P69905	43	42	42	Y	11.178999900817871	3.61899995803833	31.132999420166016	P02197	43	43	43	R	-12.947999954223633	-2.5980000495910645	-9.057000160217285
16	18	17	P69905	44	43	43	F	8.373000144958496	3.5329999923706055	33.736000061035156	P02197	44	44	44	F	-13.79800033569336	-5.23199987411499	-6.390999794006348
17	19	18	P69905	45	44	44	P	9.187999725341797	1.0379999876022339	36.518001556396484	P02197	45	45	45	D	-16.773000717163086	-7.3480000495910645	-7.620999813079834
18	20	19	P69905	46	45	45	H	7.960000038146973	3.5799999237060547	39.07600021362305	P02197	46	46	46	K	-16.55500030517578	-9.38599967956543	-4.35099983215332
19	21	20	P69905	47	46	46	F	4.482999801635742	3.631999969482422	37.49800109863281	P02197	47	47	47	F	-17.091999053955078	-6.188000202178955	-2.252000093460083
20	26	25	P69905	48	47	47	D	1.4110000133514404	1.5069999694824219	37.888999938964844	P02197	54	54	54	D	-20.589000701904297	-1.4299999475479126	9.515999794006348
21	27	26	P69905	49	48	48	L	0.7039999961853027	1.0609999895095825	34.141998291015625	P02197	55	55	55	Q	-20.722000122070312	-3.9709999561309814	6.625
22	28	27	P69905	50	49	49	S	-2.703000068664551	-0.6140000224113464	34.44499969482422	P02197	56	56	56	M	-17.069000244140625	-3.1710000038146973	5.75600004196167
23	29	28	P69905	51	50	50	H	-5.611000061035156	0.7350000143051147	32.46900177001953	P02197	57	57	57	K	-16.054000854492188	-3.443000078201294	9.477999687194824
24	30	29	P69905	52	51	51	G	-6.984000205993652	3.884000062942505	34.12799835205078	P02197	58	58	58	G	-17.764999389648438	-6.877999782562256	9.758999824523926
25	31	30	P69905	53	52	52	S	-3.7850000858306885	4.598999977111816	36.06100082397461	P02197	59	59	59	S	-16.22599983215332	-8.21500015258789	6.484000205993652
26	32	31	P69905	54	53	53	A	-3.6510000228881836	8.164999961853027	37.38999938964844	P02197	60	60	60	E	-13.72700023651123	-11.057999610900879	7.103000164031982
27	33	32	P69905	55	54	54	Q	0.10899999737739563	8.196999549865723	36.83700180053711	P02197	61	61	61	D	-13.255999565124512	-11.232000350952148	3.305999994277954
28	34	33	P69905	56	55	55	V	-0.3720000088214874	7.466000080108643	33.12300109863281	P02197	62	62	62	L	-12.244999885559082	-7.5320000648498535	3.2079999446868896
29	35	34	P69905	57	56	56	K	-3.203000068664551	10.043000221252441	32.98500061035156	P02197	63	63	63	K	-9.798999786376953	-8.194999694824219	6.0960001945495605
30	36	35	P69905	58	57	57	G	-1.0390000343322754	12.71399974822998	34.63999938964844	P02197	64	64	64	K	-8.26200008392334	-11.222000122070312	4.24399995803833
31	37	36	P69905	59	58	58	H	1.8730000257492065	11.887999534606934	32.316001892089844	P02197	65	65	65	H	-7.923999786376953	-9.17199993133545	1.0390000343322754
32	38	37	P69905	60	59	59	G	-0.5509999990463257	11.91100025177002	29.3700008392334	P02197	66	66	66	G	-6.311999797821045	-6.249000072479248	2.943000078201294
33	39	38	P69905	61	60	60	K	-1.687999963760376	15.4350004196167	30.274999618530273	P02197	67	67	67	A	-3.818000078201294	-8.708999633789062	4.494999885559082
34	40	39	P69905	62	61	61	K	1.9570000171661377	16.66200065612793	30.35700035095215	P02197	68	68	68	T	-3.006999969482422	-10.02400016784668	0.953000009059906
35	41	40	P69905	63	62	62	V	2.7090001106262207	15.095999717712402	26.96500015258789	P02197	69	69	69	V	-2.430000066757202	-6.479000091552734	-0.44600000977516174
36	42	41	P69905	64	63	63	A	-0.4359999895095825	16.613000869750977	25.45199966430664	P02197	70	70	70	L	-0.14100000262260437	-5.441999912261963	2.453000068664551
37	43	42	P69905	65	64	64	D	0.26600000262260437	20.055999755859375	26.954999923706055	P02197	71	71	71	T	1.7139999866485596	-8.82699966430664	2.375999927520752
38	44	43	P69905	66	65	65	A	3.7939999103546143	19.917999267578125	25.46299934387207	P02197	72	72	72	Q	2.5260000228881836	-8.336000442504883	-1.3350000381469727
39	45	44	P69905	67	66	66	L	2.2360000610351562	19.066999435424805	22.073999404907227	P02197	73	73	73	L	3.5199999809265137	-4.671999931335449	-0.7979999780654907
40	46	45	P69905	68	67	67	T	-0.15199999511241913	22.003000259399414	22.476999282836914	P02197	74	74	74	G	5.757999897003174	-5.821000099182129	2.125
41	47	46	P69905	69	68	68	N	2.8440001010894775	24.24799919128418	23.18000030517578	P02197	75	75	75	K	7.572999954223633	-8.322999954223633	-0.1720000058412552
42	48	47	P69905	70	69	69	A	4.644999980926514	22.881999969482422	20.108999252319336	P02197	76	76	76	I	8.178000450134277	-5.4670000076293945	-2.681999921798706
43	49	48	P69905	71	70	70	V	1.5870000123977661	23.54800033569336	17.882999420166016	P02197	77	77	77	L	9.434000015258789	-3.0350000858306885	0.03999999910593033
44	50	49	P69905	72	71	71	A	1.4119999408721924	27.091999053955078	19.288000106811523	P02197	78	78	78	K	11.833000183105469	-5.765999794006348	1.3669999837875366
45	51	50	P69905	73	72	72	H	5.0929999351501465	27.628999710083008	18.43000030517578	P02197	79	79	79	Q	13.649999618530273	-5.811999797821045	-2.0399999618530273
46	52	51	P69905	74	73	73	V	5.142000198364258	25.549999237060547	15.244000434875488	P02197	80	80	80	K	14.725000381469727	-2.1389999389648438	-1.4539999961853027
47	53	52	P69905	75	74	74	D	7.632999897003174	27.972999572753906	13.552000045776367	P02197	81	81	81	G	13.987000465393066	-1.1080000400543213	-5.0929999351501465
48	54	53	P69905	76	75	75	D	9.871000289916992	28.072999954223633	16.660999298095703	P02197	82	82	82	N	15.272000312805176	-4.409999847412109	-6.63100004196167
49	55	54	P69905	77	76	76	M	9.75	24.583999633789062	18.058000564575195	P02197	83	83	83	H	11.586999893188477	-5.543000221252441	-6.781000137329102
50	56	55	P69905	78	77	77	P	13.354999542236328	24.062999725341797	19.190000534057617	P02197	84	84	84	E	11.055000305175781	-6.25	-10.543000221252441
51	60	59	P69905	79	78	78	N	13.185999870300293	26.84000015258789	21.788999557495117	P02197	85	85	85	S	10.458999633789062	-10.029000282287598	-9.949999809265137
52	61	60	P69905	80	79	79	A	9.652999877929688	25.983999252319336	22.972000122070312	P02197	86	86	86	E	7.65500020980835	-9.324999809265137	-7.388000011444092
53	62	61	P69905	81	80	80	L	10.725000381469727	22.395999908447266	23.628999710083008	P02197	87	87	87	L	6.34499979019165	-6.151000022888184	-9.121999740600586
54	63	62	P69905	82	81	81	S	14.27299976348877	23.16900062561035	24.81399917602539	P02197	88	88	88	K	5.965000152587891	-7.485000133514404	-12.72700023651123
55	64	63	P69905	83	82	82	A	13.732999801635742	22.219999313354492	28.434999465942383	P02197	89	89	89	P	3.257999897003174	-10.178000450134277	-11.968000411987305
56	65	64	P69905	84	83	83	L	12.102999687194824	18.94300079345703	27.354999542236328	P02197	90	90	90	L	1.409999966621399	-7.64900016784668	-9.744000434875488
57	66	65	P69905	85	84	84	S	15.00100040435791	18.267000198364258	24.947999954223633	P02197	91	91	91	A	1.565999984741211	-4.965000152587891	-12.47700023651123
58	67	66	P69905	86	85	85	D	17.41200065612793	18.738000869750977	27.86400032043457	P02197	92	92	92	Q	0.40700000524520874	-7.4679999351501465	-15.154999732971191
59	68	67	P69905	87	86	86	L	15.36299991607666	16.474000930786133	30.138999938964844	P02197	93	93	93	T	-2.687000036239624	-8.527000427246094	-13.137999534606934
60	69	68	P69905	88	87	87	H	15.055000305175781	13.628000259399414	27.708999633789062	P02197	94	94	94	H	-3.578000068664551	-4.918000221252441	-12.197999954223633
61	70	69	P69905	89	88	88	A	18.68600082397461	13.904999732971191	26.558000564575195	P02197	95	95	95	A	-3.1410000324249268	-3.622999906539917	-15.812000274658203
62	71	70	P69905	90	89	89	H	20.37700080871582	14.104999542236328	29.941999435424805	P02197	96	96	96	T	-4.611999988555908	-6.540999889373779	-17.829999923706055
63	72	71	P69905	91	90	90	K	18.06100082397461	12.706000328063965	32.625	P02197	97	97	97	K	-7.184999942779541	-8.267999649047852	-15.54699993133545
64	73	72	P69905	92	91	91	L	15.371999740600586	10.383000373840332	31.231000900268555	P02197	98	98	98	H	-8.256999969482422	-5.798999786376953	-12.833999633789062
65	74	73	P69905	93	92	92	R	17.586000442504883	9.196999549865723	28.4060001373291	P02197	99	99	99	K	-7.84499979019165	-2.6419999599456787	-15.03499984741211
66	75	74	P69905	94	93	93	V	14.862000465393066	7.422999858856201	26.459999084472656	P02197	100	100	100	I	-6.756999969482422	-0.6039999723434448	-11.949999809265137
67	76	75	P69905	95	94	94	D	16.340999603271484	5.609000205993652	23.481000900268555	P02197	101	101	101	P	-5.929999828338623	3.055000066757202	-12.868000030517578
68	77	76	P69905	96	95	95	P	15.484000205993652	7.626999855041504	20.363000869750977	P02197	102	102	102	V	-2.447000026702881	4.301000118255615	-11.75
69	78	77	P69905	97	96	96	V	13.755999565124512	4.59499979019165	18.746999740600586	P02197	103	103	103	K	-4.421000003814697	7.021999835968018	-9.854000091552734
70	79	78	P69905	98	97	97	N	10.831000328063965	4.9039998054504395	21.174999237060547	P02197	104	104	104	Y	-5.877999782562256	4.327000141143799	-7.5229997634887695
71	80	79	P69905	99	98	98	F	9.765000343322754	8.326000213623047	19.885000228881836	P02197	105	105	105	L	-2.306999921798706	3.2790000438690186	-6.567999839782715
72	81	80	P69905	100	99	99	K	8.505999565124512	6.756999969482422	16.638999938964844	P02197	106	106	106	E	-1.8619999885559082	6.935999870300293	-5.409999847412109
73	82	81	P69905	101	100	100	L	6.416999816894531	4.290999889373779	18.701000213623047	P02197	107	107	107	F	-5.078000068664551	6.797999858856201	-3.299999952316284
74	83	82	P69905	102	101	101	L	4.697000026702881	6.974999904632568	20.775999069213867	P02197	108	108	108	I	-4.105000019073486	3.5369999408721924	-1.5260000228881836
75	84	83	P69905	103	102	102	S	4.208000183105469	9.13599967956543	17.617000579833984	P02197	109	109	109	S	-0.5329999923706055	4.89300012588501	-0.9729999899864197
76	85	84	P69905	104	103	103	H	2.447000026702881	6.2170000076293945	15.871999740600586	P02197	110	110	110	E	-1.9470000267028809	8.001999855041504	0.7940000295639038
77	86	85	P69905	105	104	104	C	0.25999999046325684	5.679999828338623	18.929000854492188	P02197	111	111	111	V	-4.3420000076293945	5.873000144958496	2.9059998989105225
78	87	86	P69905	106	105	105	L	-0.5709999799728394	9.406000137329102	19.034000396728516	P02197	112	112	112	I	-1.4290000200271606	3.5399999618530273	3.9079999923706055
79	88	87	P69905	107	106	106	L	-1.5049999952316284	9.145000457763672	15.352999687194824	P02197	113	113	113	I	0.5529999732971191	6.613999843597412	5.142000198364258
80	89	88	P69905	108	107	107	V	-3.7320001125335693	6.130000114440918	16.04199981689453	P02197	114	114	114	K	-2.496000051498413	7.932000160217285	7.120999813079834
81	90	89	P69905	109	108	108	T	-5.394000053405762	7.840000152587891	18.9950008392334	P02197	115	115	115	V	-3.2300000190734863	4.507999897003174	8.72700023651123
82	91	90	P69905	110	109	109	L	-6.110000133514404	10.923999786376953	16.839000701904297	P02197	116	116	116	I	0.43799999356269836	4.020999908447266	9.767999649047852
83	92	91	P69905	111	110	110	A	-7.519999980926514	8.723999977111816	14.020000457763672	P02197	117	117	117	A	0.6110000014305115	7.610000133514404	11.17300033569336
84	93	92	P69905	112	111	111	A	-9.842000007629395	6.958000183105469	16.488000869750977	P02197	118	118	118	E	-2.502000093460083	7.0370001792907715	13.336000442504883
85	94	93	P69905	113	112	112	H	-11.156000137329102	10.321000099182129	17.739999771118164	P02197	119	119	119	K	-1.6770000457763672	3.4560000896453857	14.515000343322754
86	95	94	P69905	114	113	113	L	-11.270000457763672	12.383000373840332	14.505999565124512	P02197	120	120	120	H	2.0959999561309814	3.994999885559082	15.057000160217285
87	96	95	P69905	115	114	114	P	-13.524999618530273	10.70300006866455	11.937999725341797	P02197	121	121	121	A	2.296999931335449	7.7779998779296875	15.786999702453613
88	97	96	P69905	116	115	115	A	-13.991999626159668	13.869000434875488	9.897000312805176	P02197	122	122	122	A	5.230999946594238	7.296000003814697	18.246999740600586
89	98	97	P69905	117	116	116	E	-10.565999984741211	15.482999801635742	10.244000434875488	P02197	123	123	123	D	7.336999893188477	5.294000148773193	15.680999755859375
90	99	98	P69905	118	117	117	F	-8.20199966430664	12.520000457763672	9.833999633789062	P02197	124	124	124	F	6.23799991607666	7.118000030517578	12.437999725341797
91	100	99	P69905	119	118	118	T	-8.074999809265137	12.687000274658203	6.01200008392334	P02197	125	125	125	G	7.920000076293945	10.54800033569336	12.744000434875488
92	101	100	P69905	120	119	119	P	-5.0289998054504395	11.310999870300293	4.131999969482422	P02197	126	126	126	A	8.687999725341797	13	9.883999824523926
93	102	101	P69905	121	120	120	A	-3.5369999408721924	14.8100004196167	3.9179999828338623	P02197	127	127	127	D	11.74899959564209	11.11299991607666	8.50100040435791
94	103	102	P69905	122	121	121	V	-4.072000026702881	15.531000137329102	7.604000091552734	P02197	128	128	128	S	9.970000267028809	7.693999767303467	8.541999816894531
95	104	103	P69905	123	122	122	H	-2.621000051498413	12.107999801635742	8.52299976348877	P02197	129	129	129	Q	6.943999767303467	9.319999694824219	6.809999942779541
96	105	104	P69905	124	123	123	A	0.47699999809265137	12.934000015258789	6.506999969482422	P02197	130	130	130	A	9.204999923706055	10.940999984741211	4.171999931335449
97	106	105	P69905	125	124	124	S	0.8899999856948853	16.371999740600586	8.071999549865723	P02197	131	131	131	A	11.04699993133545	7.619999885559082	3.569000005722046
98	107	106	P69905	126	125	125	L	0.38499999046325684	14.972999572753906	11.585000038146973	P02197	132	132	132	M	7.735000133514404	5.670000076293945	3.243000030517578
99	108	107	P69905	127	126	126	D	2.990999937057495	12.246000289916992	10.939000129699707	P02197	133	133	133	K	6.3420000076293945	8.336999893188477	0.8230000138282776
100	109	108	P69905	128	127	127	K	5.484000205993652	14.868000030517578	9.79699993133545	P02197	134	134	134	K	9.522000312805176	7.949999809265137	-1.3320000171661377
101	110	109	P69905	129	128	128	F	4.688000202178955	17.062999725341797	12.793999671936035	P02197	135	135	135	A	9.218000411987305	4.111000061035156	-1.2419999837875366
102	111	110	P69905	130	129	129	L	5.235000133514404	14.28600025177002	15.357000350952148	P02197	136	136	136	L	5.521999835968018	4.215000152587891	-2.2780001163482666
103	112	111	P69905	131	130	130	A	8.46500015258789	13.255999565124512	13.62399959564209	P02197	137	137	137	E	6.367000102996826	6.789999961853027	-5.015999794006348
104	113	112	P69905	132	131	131	S	9.637999534606934	16.909000396728516	13.805000305175781	P02197	138	138	138	L	9.107999801635742	4.452000141143799	-6.380000114440918
105	114	113	P69905	133	132	132	V	8.70300006866455	17.113000869750977	17.507999420166016	P02197	139	139	139	F	6.5920000076293945	1.5410000085830688	-6.28000020980835
106	115	114	P69905	134	133	133	S	10.522000312805176	13.78499984741211	18.016000747680664	P02197	140	140	140	R	3.9179999828338623	3.622999906539917	-8.142999649047852
107	116	115	P69905	135	134	134	T	13.621000289916992	15.118000030517578	16.232999801635742	P02197	141	141	141	N	6.401000022888184	4.84499979019165	-10.791999816894531
