contact_id	barnase_accession	barnase_uniprot_position	barnase_mature_position	barnase_label_asym_id	barnase_auth_asym_id	barnase_label_seq_id	barnase_auth_seq_id	barnase_residue	barstar_accession	barstar_uniprot_position	barstar_mature_position	barstar_label_asym_id	barstar_auth_asym_id	barstar_label_seq_id	barstar_auth_seq_id	barstar_residue	minimum_distance_angstrom	barnase_atom	barstar_atom
1brs-A-D-001	P00648	74	27	A	A	27	27	LYS	P11540	39	38	D	D	38	38	TRP	3.801	NZ	NE1
1brs-A-D-002	P00648	74	27	A	A	27	27	LYS	P11540	43	42	D	D	42	42	THR	2.949	NZ	OG1
1brs-A-D-003	P00648	82	35	A	A	35	35	TRP	P11540	43	42	D	D	42	42	THR	4.021	CH2	O
1brs-A-D-004	P00648	82	35	A	A	35	35	TRP	P11540	44	43	D	D	43	43	GLY	3.911	CH2	CA
1brs-A-D-005	P00648	84	37	A	A	37	37	ALA	P11540	44	43	D	D	43	43	GLY	3.424	CB	C
1brs-A-D-006	P00648	84	37	A	A	37	37	ALA	P11540	45	44	D	D	44	44	TRP	3.421	CB	N
1brs-A-D-007	P00648	85	38	A	A	38	38	SER	P11540	45	44	D	D	44	44	TRP	3.499	CA	O
1brs-A-D-008	P00648	85	38	A	A	38	38	SER	P11540	46	45	D	D	45	45	VAL	4.314	N	O
1brs-A-D-009	P00648	85	38	A	A	38	38	SER	P11540	47	46	D	D	46	46	GLU	3.722	CB	CB
1brs-A-D-010	P00648	103	56	A	A	56	56	PHE	P11540	36	35	D	D	35	35	ASP	3.514	CZ	CG
1brs-A-D-011	P00648	105	58	A	A	58	58	ASN	P11540	36	35	D	D	35	35	ASP	3.697	N	OD1
1brs-A-D-012	P00648	106	59	A	A	59	59	ARG	P11540	35	34	D	D	34	34	LEU	3.778	CD	O
1brs-A-D-013	P00648	106	59	A	A	59	59	ARG	P11540	36	35	D	D	35	35	ASP	2.877	N	OD1
1brs-A-D-014	P00648	106	59	A	A	59	59	ARG	P11540	39	38	D	D	38	38	TRP	3.263	NH2	CD2
1brs-A-D-015	P00648	106	59	A	A	59	59	ARG	P11540	74	73	D	D	73	73	VAL	4.268	NH1	CG2
1brs-A-D-016	P00648	106	59	A	A	59	59	ARG	P11540	77	76	D	D	76	76	GLU	2.965	NH1	OE1
1brs-A-D-017	P00648	107	60	A	A	60	60	GLU	P11540	34	33	D	D	33	33	ASN	3.383	OE2	CB
1brs-A-D-018	P00648	107	60	A	A	60	60	GLU	P11540	35	34	D	D	34	34	LEU	2.836	OE2	N
1brs-A-D-019	P00648	107	60	A	A	60	60	GLU	P11540	36	35	D	D	35	35	ASP	3.375	N	OD2
1brs-A-D-020	P00648	109	62	A	A	62	62	LYS	P11540	34	33	D	D	33	33	ASN	4.487	NZ	CG
1brs-A-D-021	P00648	120	73	A	A	73	73	GLU	P11540	40	39	D	D	39	39	ASP	4.486	OE1	OD1
1brs-A-D-022	P00648	129	82	A	A	82	82	PHE	P11540	45	44	D	D	44	44	TRP	3.607	CB	CZ3
1brs-A-D-023	P00648	130	83	A	A	83	83	ARG	P11540	30	29	D	D	29	29	TYR	2.652	O	OH
1brs-A-D-024	P00648	130	83	A	A	83	83	ARG	P11540	40	39	D	D	39	39	ASP	2.497	NH2	OD1
1brs-A-D-025	P00648	130	83	A	A	83	83	ARG	P11540	44	43	D	D	43	43	GLY	3.066	NH1	O
1brs-A-D-026	P00648	130	83	A	A	83	83	ARG	P11540	45	44	D	D	44	44	TRP	3.346	O	CZ3
1brs-A-D-027	P00648	131	84	A	A	84	84	ASN	P11540	30	29	D	D	29	29	TYR	3.130	O	OH
1brs-A-D-028	P00648	132	85	A	A	85	85	SER	P11540	30	29	D	D	29	29	TYR	3.550	CB	CD1
1brs-A-D-029	P00648	134	87	A	A	87	87	ARG	P11540	30	29	D	D	29	29	TYR	4.313	NH2	OH
1brs-A-D-030	P00648	134	87	A	A	87	87	ARG	P11540	40	39	D	D	39	39	ASP	2.926	NH2	OD2
1brs-A-D-031	P00648	148	101	A	A	101	101	ASP	P11540	32	31	D	D	31	31	GLY	4.426	O	CA
1brs-A-D-032	P00648	149	102	A	A	102	102	HIS	P11540	30	29	D	D	29	29	TYR	3.540	CB	O
1brs-A-D-033	P00648	149	102	A	A	102	102	HIS	P11540	31	30	D	D	30	30	TYR	3.754	ND1	CA
1brs-A-D-034	P00648	149	102	A	A	102	102	HIS	P11540	32	31	D	D	31	31	GLY	3.035	ND1	N
1brs-A-D-035	P00648	149	102	A	A	102	102	HIS	P11540	34	33	D	D	33	33	ASN	3.221	O	ND2
1brs-A-D-036	P00648	149	102	A	A	102	102	HIS	P11540	37	36	D	D	36	36	ALA	3.363	ND1	CB
1brs-A-D-037	P00648	149	102	A	A	102	102	HIS	P11540	40	39	D	D	39	39	ASP	2.805	NE2	OD2
1brs-A-D-038	P00648	150	103	A	A	103	103	TYR	P11540	34	33	D	D	33	33	ASN	3.599	O	ND2
1brs-A-D-039	P00648	150	103	A	A	103	103	TYR	P11540	36	35	D	D	35	35	ASP	3.811	CG	CB
1brs-A-D-040	P00648	150	103	A	A	103	103	TYR	P11540	37	36	D	D	36	36	ALA	3.721	CD1	CA
1brs-A-D-041	P00648	150	103	A	A	103	103	TYR	P11540	40	39	D	D	39	39	ASP	3.358	OH	OD1
1brs-A-D-042	P00648	151	104	A	A	104	104	GLN	P11540	32	31	D	D	31	31	GLY	3.260	CG	O
1brs-A-D-043	P00648	151	104	A	A	104	104	GLN	P11540	34	33	D	D	33	33	ASN	3.568	CG	ND2
