source_accession	source_position_1based	source_index_0based	source_residue	structure_id	label_asym_id	auth_asym_id	label_seq_id	auth_seq_id	pdb_seq_num	insertion_code	structure_residue	observed	residue_match	status
P00648	1	0	M	1BRS	A	A						false		outside_construct
P00648	2	1	M	1BRS	A	A						false		outside_construct
P00648	3	2	K	1BRS	A	A						false		outside_construct
P00648	4	3	M	1BRS	A	A						false		outside_construct
P00648	5	4	E	1BRS	A	A						false		outside_construct
P00648	6	5	G	1BRS	A	A						false		outside_construct
P00648	7	6	I	1BRS	A	A						false		outside_construct
P00648	8	7	A	1BRS	A	A						false		outside_construct
P00648	9	8	L	1BRS	A	A						false		outside_construct
P00648	10	9	K	1BRS	A	A						false		outside_construct
P00648	11	10	K	1BRS	A	A						false		outside_construct
P00648	12	11	R	1BRS	A	A						false		outside_construct
P00648	13	12	L	1BRS	A	A						false		outside_construct
P00648	14	13	S	1BRS	A	A						false		outside_construct
P00648	15	14	W	1BRS	A	A						false		outside_construct
P00648	16	15	I	1BRS	A	A						false		outside_construct
P00648	17	16	S	1BRS	A	A						false		outside_construct
P00648	18	17	V	1BRS	A	A						false		outside_construct
P00648	19	18	C	1BRS	A	A						false		outside_construct
P00648	20	19	L	1BRS	A	A						false		outside_construct
P00648	21	20	L	1BRS	A	A						false		outside_construct
P00648	22	21	V	1BRS	A	A						false		outside_construct
P00648	23	22	L	1BRS	A	A						false		outside_construct
P00648	24	23	V	1BRS	A	A						false		outside_construct
P00648	25	24	S	1BRS	A	A						false		outside_construct
P00648	26	25	A	1BRS	A	A						false		outside_construct
P00648	27	26	A	1BRS	A	A						false		outside_construct
P00648	28	27	G	1BRS	A	A						false		outside_construct
P00648	29	28	M	1BRS	A	A						false		outside_construct
P00648	30	29	L	1BRS	A	A						false		outside_construct
P00648	31	30	F	1BRS	A	A						false		outside_construct
P00648	32	31	S	1BRS	A	A						false		outside_construct
P00648	33	32	T	1BRS	A	A						false		outside_construct
P00648	34	33	A	1BRS	A	A						false		outside_construct
P00648	35	34	A	1BRS	A	A						false		outside_construct
P00648	36	35	K	1BRS	A	A						false		outside_construct
P00648	37	36	T	1BRS	A	A						false		outside_construct
P00648	38	37	E	1BRS	A	A						false		outside_construct
P00648	39	38	T	1BRS	A	A						false		outside_construct
P00648	40	39	S	1BRS	A	A						false		outside_construct
P00648	41	40	S	1BRS	A	A						false		outside_construct
P00648	42	41	H	1BRS	A	A						false		outside_construct
P00648	43	42	K	1BRS	A	A						false		outside_construct
P00648	44	43	A	1BRS	A	A						false		outside_construct
P00648	45	44	H	1BRS	A	A						false		outside_construct
P00648	46	45	T	1BRS	A	A						false		outside_construct
P00648	47	46	E	1BRS	A	A						false		outside_construct
P00648	48	47	A	1BRS	A	A	1		1		ALA	false	true	missing_coordinate
P00648	49	48	Q	1BRS	A	A	2		2		GLN	false	true	missing_coordinate
P00648	50	49	V	1BRS	A	A	3	3	3		VAL	true	true	exact
P00648	51	50	I	1BRS	A	A	4	4	4		ILE	true	true	exact
P00648	52	51	N	1BRS	A	A	5	5	5		ASN	true	true	exact
P00648	53	52	T	1BRS	A	A	6	6	6		THR	true	true	exact
P00648	54	53	F	1BRS	A	A	7	7	7		PHE	true	true	exact
P00648	55	54	D	1BRS	A	A	8	8	8		ASP	true	true	exact
P00648	56	55	G	1BRS	A	A	9	9	9		GLY	true	true	exact
P00648	57	56	V	1BRS	A	A	10	10	10		VAL	true	true	exact
P00648	58	57	A	1BRS	A	A	11	11	11		ALA	true	true	exact
P00648	59	58	D	1BRS	A	A	12	12	12		ASP	true	true	exact
P00648	60	59	Y	1BRS	A	A	13	13	13		TYR	true	true	exact
P00648	61	60	L	1BRS	A	A	14	14	14		LEU	true	true	exact
P00648	62	61	Q	1BRS	A	A	15	15	15		GLN	true	true	exact
P00648	63	62	T	1BRS	A	A	16	16	16		THR	true	true	exact
P00648	64	63	Y	1BRS	A	A	17	17	17		TYR	true	true	exact
P00648	65	64	H	1BRS	A	A	18	18	18		HIS	true	true	exact
P00648	66	65	K	1BRS	A	A	19	19	19		LYS	true	true	exact
P00648	67	66	L	1BRS	A	A	20	20	20		LEU	true	true	exact
P00648	68	67	P	1BRS	A	A	21	21	21		PRO	true	true	exact
P00648	69	68	D	1BRS	A	A	22	22	22		ASP	true	true	exact
P00648	70	69	N	1BRS	A	A	23	23	23		ASN	true	true	exact
P00648	71	70	Y	1BRS	A	A	24	24	24		TYR	true	true	exact
P00648	72	71	I	1BRS	A	A	25	25	25		ILE	true	true	exact
P00648	73	72	T	1BRS	A	A	26	26	26		THR	true	true	exact
P00648	74	73	K	1BRS	A	A	27	27	27		LYS	true	true	exact
P00648	75	74	S	1BRS	A	A	28	28	28		SER	true	true	exact
P00648	76	75	E	1BRS	A	A	29	29	29		GLU	true	true	exact
P00648	77	76	A	1BRS	A	A	30	30	30		ALA	true	true	exact
P00648	78	77	Q	1BRS	A	A	31	31	31		GLN	true	true	exact
P00648	79	78	A	1BRS	A	A	32	32	32		ALA	true	true	exact
P00648	80	79	L	1BRS	A	A	33	33	33		LEU	true	true	exact
P00648	81	80	G	1BRS	A	A	34	34	34		GLY	true	true	exact
P00648	82	81	W	1BRS	A	A	35	35	35		TRP	true	true	exact
P00648	83	82	V	1BRS	A	A	36	36	36		VAL	true	true	exact
P00648	84	83	A	1BRS	A	A	37	37	37		ALA	true	true	exact
P00648	85	84	S	1BRS	A	A	38	38	38		SER	true	true	exact
P00648	86	85	K	1BRS	A	A	39	39	39		LYS	true	true	exact
P00648	87	86	G	1BRS	A	A	40	40	40		GLY	true	true	exact
P00648	88	87	N	1BRS	A	A	41	41	41		ASN	true	true	exact
P00648	89	88	L	1BRS	A	A	42	42	42		LEU	true	true	exact
P00648	90	89	A	1BRS	A	A	43	43	43		ALA	true	true	exact
P00648	91	90	D	1BRS	A	A	44	44	44		ASP	true	true	exact
P00648	92	91	V	1BRS	A	A	45	45	45		VAL	true	true	exact
P00648	93	92	A	1BRS	A	A	46	46	46		ALA	true	true	exact
P00648	94	93	P	1BRS	A	A	47	47	47		PRO	true	true	exact
P00648	95	94	G	1BRS	A	A	48	48	48		GLY	true	true	exact
P00648	96	95	K	1BRS	A	A	49	49	49		LYS	true	true	exact
P00648	97	96	S	1BRS	A	A	50	50	50		SER	true	true	exact
P00648	98	97	I	1BRS	A	A	51	51	51		ILE	true	true	exact
P00648	99	98	G	1BRS	A	A	52	52	52		GLY	true	true	exact
P00648	100	99	G	1BRS	A	A	53	53	53		GLY	true	true	exact
P00648	101	100	D	1BRS	A	A	54	54	54		ASP	true	true	exact
P00648	102	101	I	1BRS	A	A	55	55	55		ILE	true	true	exact
P00648	103	102	F	1BRS	A	A	56	56	56		PHE	true	true	exact
P00648	104	103	S	1BRS	A	A	57	57	57		SER	true	true	exact
P00648	105	104	N	1BRS	A	A	58	58	58		ASN	true	true	exact
P00648	106	105	R	1BRS	A	A	59	59	59		ARG	true	true	exact
P00648	107	106	E	1BRS	A	A	60	60	60		GLU	true	true	exact
P00648	108	107	G	1BRS	A	A	61	61	61		GLY	true	true	exact
P00648	109	108	K	1BRS	A	A	62	62	62		LYS	true	true	exact
P00648	110	109	L	1BRS	A	A	63	63	63		LEU	true	true	exact
P00648	111	110	P	1BRS	A	A	64	64	64		PRO	true	true	exact
P00648	112	111	G	1BRS	A	A	65	65	65		GLY	true	true	exact
P00648	113	112	K	1BRS	A	A	66	66	66		LYS	true	true	exact
P00648	114	113	S	1BRS	A	A	67	67	67		SER	true	true	exact
P00648	115	114	G	1BRS	A	A	68	68	68		GLY	true	true	exact
P00648	116	115	R	1BRS	A	A	69	69	69		ARG	true	true	exact
P00648	117	116	T	1BRS	A	A	70	70	70		THR	true	true	exact
P00648	118	117	W	1BRS	A	A	71	71	71		TRP	true	true	exact
P00648	119	118	R	1BRS	A	A	72	72	72		ARG	true	true	exact
P00648	120	119	E	1BRS	A	A	73	73	73		GLU	true	true	exact
P00648	121	120	A	1BRS	A	A	74	74	74		ALA	true	true	exact
P00648	122	121	D	1BRS	A	A	75	75	75		ASP	true	true	exact
P00648	123	122	I	1BRS	A	A	76	76	76		ILE	true	true	exact
P00648	124	123	N	1BRS	A	A	77	77	77		ASN	true	true	exact
P00648	125	124	Y	1BRS	A	A	78	78	78		TYR	true	true	exact
P00648	126	125	T	1BRS	A	A	79	79	79		THR	true	true	exact
P00648	127	126	S	1BRS	A	A	80	80	80		SER	true	true	exact
P00648	128	127	G	1BRS	A	A	81	81	81		GLY	true	true	exact
P00648	129	128	F	1BRS	A	A	82	82	82		PHE	true	true	exact
P00648	130	129	R	1BRS	A	A	83	83	83		ARG	true	true	exact
P00648	131	130	N	1BRS	A	A	84	84	84		ASN	true	true	exact
P00648	132	131	S	1BRS	A	A	85	85	85		SER	true	true	exact
P00648	133	132	D	1BRS	A	A	86	86	86		ASP	true	true	exact
P00648	134	133	R	1BRS	A	A	87	87	87		ARG	true	true	exact
P00648	135	134	I	1BRS	A	A	88	88	88		ILE	true	true	exact
P00648	136	135	L	1BRS	A	A	89	89	89		LEU	true	true	exact
P00648	137	136	Y	1BRS	A	A	90	90	90		TYR	true	true	exact
P00648	138	137	S	1BRS	A	A	91	91	91		SER	true	true	exact
P00648	139	138	S	1BRS	A	A	92	92	92		SER	true	true	exact
P00648	140	139	D	1BRS	A	A	93	93	93		ASP	true	true	exact
P00648	141	140	W	1BRS	A	A	94	94	94		TRP	true	true	exact
P00648	142	141	L	1BRS	A	A	95	95	95		LEU	true	true	exact
P00648	143	142	I	1BRS	A	A	96	96	96		ILE	true	true	exact
P00648	144	143	Y	1BRS	A	A	97	97	97		TYR	true	true	exact
P00648	145	144	K	1BRS	A	A	98	98	98		LYS	true	true	exact
P00648	146	145	T	1BRS	A	A	99	99	99		THR	true	true	exact
P00648	147	146	T	1BRS	A	A	100	100	100		THR	true	true	exact
P00648	148	147	D	1BRS	A	A	101	101	101		ASP	true	true	exact
P00648	149	148	H	1BRS	A	A	102	102	102		HIS	true	true	exact
P00648	150	149	Y	1BRS	A	A	103	103	103		TYR	true	true	exact
P00648	151	150	Q	1BRS	A	A	104	104	104		GLN	true	true	exact
P00648	152	151	T	1BRS	A	A	105	105	105		THR	true	true	exact
P00648	153	152	F	1BRS	A	A	106	106	106		PHE	true	true	exact
P00648	154	153	T	1BRS	A	A	107	107	107		THR	true	true	exact
P00648	155	154	K	1BRS	A	A	108	108	108		LYS	true	true	exact
P00648	156	155	I	1BRS	A	A	109	109	109		ILE	true	true	exact
P00648	157	156	R	1BRS	A	A	110	110	110		ARG	true	true	exact
