alignment_column_1based	alignment_index_0based	aligned_residue	uniprot_accession	uniprot_position_1based	structure_id	label_asym_id	auth_asym_id	label_seq_id	auth_seq_id	observed	status
1	0	A	P69905	27	1A3N	A	A	26	26	true	exact
2	1	E	P69905	28	1A3N	A	A	27	27	true	exact
3	2	A	P69905	29	1A3N	A	A	28	28	true	exact
4	3	L	P69905	30	1A3N	A	A	29	29	true	exact
5	4	E	P69905	31	1A3N	A	A	30	30	true	exact
6	5	R	P69905	32	1A3N	A	A	31	31	true	exact
7	6	M	P69905	33	1A3N	A	A	32	32	true	exact
8	7	F	P69905	34	1A3N	A	A	33	33	true	exact
9	8	L	P69905	35	1A3N	A	A	34	34	true	exact
10	9	S	P69905	36	1A3N	A	A	35	35	true	exact
11	10	F	P69905	37	1A3N	A	A	36	36	true	exact
12	11	P	P69905	38	1A3N	A	A	37	37	true	exact
13	12	T	P69905	39	1A3N	A	A	38	38	true	exact
14	13	T	P69905	40	1A3N	A	A	39	39	true	exact
15	14	K	P69905	41	1A3N	A	A	40	40	true	exact
16	15	T	P69905	42	1A3N	A	A	41	41	true	exact
17	16	Y	P69905	43	1A3N	A	A	42	42	true	exact
18	17	F	P69905	44	1A3N	A	A	43	43	true	exact
19	18	P	P69905	45	1A3N	A	A	44	44	true	exact
20	19	H	P69905	46	1A3N	A	A	45	45	true	exact
21	20	F	P69905	47	1A3N	A	A	46	46	true	exact
22	21	-	P69905		1A3N	A	A			false	query_gap
23	22	-	P69905		1A3N	A	A			false	query_gap
24	23	-	P69905		1A3N	A	A			false	query_gap
25	24	-	P69905		1A3N	A	A			false	query_gap
26	25	D	P69905	48	1A3N	A	A	47	47	true	exact
27	26	L	P69905	49	1A3N	A	A	48	48	true	exact
28	27	S	P69905	50	1A3N	A	A	49	49	true	exact
29	28	H	P69905	51	1A3N	A	A	50	50	true	exact
30	29	G	P69905	52	1A3N	A	A	51	51	true	exact
31	30	S	P69905	53	1A3N	A	A	52	52	true	exact
32	31	A	P69905	54	1A3N	A	A	53	53	true	exact
33	32	Q	P69905	55	1A3N	A	A	54	54	true	exact
34	33	V	P69905	56	1A3N	A	A	55	55	true	exact
35	34	K	P69905	57	1A3N	A	A	56	56	true	exact
36	35	G	P69905	58	1A3N	A	A	57	57	true	exact
37	36	H	P69905	59	1A3N	A	A	58	58	true	exact
38	37	G	P69905	60	1A3N	A	A	59	59	true	exact
39	38	K	P69905	61	1A3N	A	A	60	60	true	exact
40	39	K	P69905	62	1A3N	A	A	61	61	true	exact
41	40	V	P69905	63	1A3N	A	A	62	62	true	exact
42	41	A	P69905	64	1A3N	A	A	63	63	true	exact
43	42	D	P69905	65	1A3N	A	A	64	64	true	exact
44	43	A	P69905	66	1A3N	A	A	65	65	true	exact
45	44	L	P69905	67	1A3N	A	A	66	66	true	exact
46	45	T	P69905	68	1A3N	A	A	67	67	true	exact
47	46	N	P69905	69	1A3N	A	A	68	68	true	exact
48	47	A	P69905	70	1A3N	A	A	69	69	true	exact
49	48	V	P69905	71	1A3N	A	A	70	70	true	exact
50	49	A	P69905	72	1A3N	A	A	71	71	true	exact
51	50	H	P69905	73	1A3N	A	A	72	72	true	exact
52	51	V	P69905	74	1A3N	A	A	73	73	true	exact
53	52	D	P69905	75	1A3N	A	A	74	74	true	exact
54	53	D	P69905	76	1A3N	A	A	75	75	true	exact
55	54	M	P69905	77	1A3N	A	A	76	76	true	exact
56	55	P	P69905	78	1A3N	A	A	77	77	true	exact
57	56	-	P69905		1A3N	A	A			false	query_gap
58	57	-	P69905		1A3N	A	A			false	query_gap
59	58	-	P69905		1A3N	A	A			false	query_gap
60	59	N	P69905	79	1A3N	A	A	78	78	true	exact
61	60	A	P69905	80	1A3N	A	A	79	79	true	exact
62	61	L	P69905	81	1A3N	A	A	80	80	true	exact
63	62	S	P69905	82	1A3N	A	A	81	81	true	exact
64	63	A	P69905	83	1A3N	A	A	82	82	true	exact
65	64	L	P69905	84	1A3N	A	A	83	83	true	exact
66	65	S	P69905	85	1A3N	A	A	84	84	true	exact
67	66	D	P69905	86	1A3N	A	A	85	85	true	exact
68	67	L	P69905	87	1A3N	A	A	86	86	true	exact
69	68	H	P69905	88	1A3N	A	A	87	87	true	exact
70	69	A	P69905	89	1A3N	A	A	88	88	true	exact
71	70	H	P69905	90	1A3N	A	A	89	89	true	exact
72	71	K	P69905	91	1A3N	A	A	90	90	true	exact
73	72	L	P69905	92	1A3N	A	A	91	91	true	exact
74	73	R	P69905	93	1A3N	A	A	92	92	true	exact
75	74	V	P69905	94	1A3N	A	A	93	93	true	exact
76	75	D	P69905	95	1A3N	A	A	94	94	true	exact
77	76	P	P69905	96	1A3N	A	A	95	95	true	exact
78	77	V	P69905	97	1A3N	A	A	96	96	true	exact
79	78	N	P69905	98	1A3N	A	A	97	97	true	exact
80	79	F	P69905	99	1A3N	A	A	98	98	true	exact
81	80	K	P69905	100	1A3N	A	A	99	99	true	exact
82	81	L	P69905	101	1A3N	A	A	100	100	true	exact
83	82	L	P69905	102	1A3N	A	A	101	101	true	exact
84	83	S	P69905	103	1A3N	A	A	102	102	true	exact
85	84	H	P69905	104	1A3N	A	A	103	103	true	exact
86	85	C	P69905	105	1A3N	A	A	104	104	true	exact
87	86	L	P69905	106	1A3N	A	A	105	105	true	exact
88	87	L	P69905	107	1A3N	A	A	106	106	true	exact
89	88	V	P69905	108	1A3N	A	A	107	107	true	exact
90	89	T	P69905	109	1A3N	A	A	108	108	true	exact
91	90	L	P69905	110	1A3N	A	A	109	109	true	exact
92	91	A	P69905	111	1A3N	A	A	110	110	true	exact
93	92	A	P69905	112	1A3N	A	A	111	111	true	exact
94	93	H	P69905	113	1A3N	A	A	112	112	true	exact
95	94	L	P69905	114	1A3N	A	A	113	113	true	exact
96	95	P	P69905	115	1A3N	A	A	114	114	true	exact
97	96	A	P69905	116	1A3N	A	A	115	115	true	exact
98	97	E	P69905	117	1A3N	A	A	116	116	true	exact
99	98	F	P69905	118	1A3N	A	A	117	117	true	exact
100	99	T	P69905	119	1A3N	A	A	118	118	true	exact
101	100	P	P69905	120	1A3N	A	A	119	119	true	exact
102	101	A	P69905	121	1A3N	A	A	120	120	true	exact
103	102	V	P69905	122	1A3N	A	A	121	121	true	exact
104	103	H	P69905	123	1A3N	A	A	122	122	true	exact
105	104	A	P69905	124	1A3N	A	A	123	123	true	exact
106	105	S	P69905	125	1A3N	A	A	124	124	true	exact
107	106	L	P69905	126	1A3N	A	A	125	125	true	exact
108	107	D	P69905	127	1A3N	A	A	126	126	true	exact
109	108	K	P69905	128	1A3N	A	A	127	127	true	exact
110	109	F	P69905	129	1A3N	A	A	128	128	true	exact
111	110	L	P69905	130	1A3N	A	A	129	129	true	exact
112	111	A	P69905	131	1A3N	A	A	130	130	true	exact
113	112	S	P69905	132	1A3N	A	A	131	131	true	exact
114	113	V	P69905	133	1A3N	A	A	132	132	true	exact
115	114	S	P69905	134	1A3N	A	A	133	133	true	exact
116	115	T	P69905	135	1A3N	A	A	134	134	true	exact
117	116	V	P69905	136	1A3N	A	A	135	135	true	exact
118	117	L	P69905	137	1A3N	A	A	136	136	true	exact
