alignment_column_1based	alignment_index_0based	member_row	uniprot_accession	aligned_residue	uniprot_position_1based	model_id	model_entity_id	label_asym_id	auth_asym_id	label_entity_id	label_seq_id	auth_seq_id	model_residue_three_letter	observed_ca	sequence_status	status	source_alignment_column_0based	source_aligned_residue
1	0	A0A5E4C8D4_MARMO/27-137	A0A5E4C8D4	A	27	AF-A0A5E4C8D4-F1-model_v6	AF-A0A5E4C8D4-F1	A	A	1	27	27	ALA	true	exact	exact_observed	61	A
2	1	A0A5E4C8D4_MARMO/27-137	A0A5E4C8D4	E	28	AF-A0A5E4C8D4-F1-model_v6	AF-A0A5E4C8D4-F1	A	A	1	28	28	GLU	true	exact	exact_observed	62	E
3	2	A0A5E4C8D4_MARMO/27-137	A0A5E4C8D4	A	29	AF-A0A5E4C8D4-F1-model_v6	AF-A0A5E4C8D4-F1	A	A	1	29	29	ALA	true	exact	exact_observed	63	A
4	3	A0A5E4C8D4_MARMO/27-137	A0A5E4C8D4	L	30	AF-A0A5E4C8D4-F1-model_v6	AF-A0A5E4C8D4-F1	A	A	1	30	30	LEU	true	exact	exact_observed	64	L
5	4	A0A5E4C8D4_MARMO/27-137	A0A5E4C8D4	E	31	AF-A0A5E4C8D4-F1-model_v6	AF-A0A5E4C8D4-F1	A	A	1	31	31	GLU	true	exact	exact_observed	65	E
6	5	A0A5E4C8D4_MARMO/27-137	A0A5E4C8D4	R	32	AF-A0A5E4C8D4-F1-model_v6	AF-A0A5E4C8D4-F1	A	A	1	32	32	ARG	true	exact	exact_observed	66	R
7	6	A0A5E4C8D4_MARMO/27-137	A0A5E4C8D4	M	33	AF-A0A5E4C8D4-F1-model_v6	AF-A0A5E4C8D4-F1	A	A	1	33	33	MET	true	exact	exact_observed	67	M
8	7	A0A5E4C8D4_MARMO/27-137	A0A5E4C8D4	F	34	AF-A0A5E4C8D4-F1-model_v6	AF-A0A5E4C8D4-F1	A	A	1	34	34	PHE	true	exact	exact_observed	68	F
9	8	A0A5E4C8D4_MARMO/27-137	A0A5E4C8D4	L	35	AF-A0A5E4C8D4-F1-model_v6	AF-A0A5E4C8D4-F1	A	A	1	35	35	LEU	true	exact	exact_observed	69	L
10	9	A0A5E4C8D4_MARMO/27-137	A0A5E4C8D4	S	36	AF-A0A5E4C8D4-F1-model_v6	AF-A0A5E4C8D4-F1	A	A	1	36	36	SER	true	exact	exact_observed	71	S
11	10	A0A5E4C8D4_MARMO/27-137	A0A5E4C8D4	F	37	AF-A0A5E4C8D4-F1-model_v6	AF-A0A5E4C8D4-F1	A	A	1	37	37	PHE	true	exact	exact_observed	73	F
12	11	A0A5E4C8D4_MARMO/27-137	A0A5E4C8D4	P	38	AF-A0A5E4C8D4-F1-model_v6	AF-A0A5E4C8D4-F1	A	A	1	38	38	PRO	true	exact	exact_observed	75	P
13	12	A0A5E4C8D4_MARMO/27-137	A0A5E4C8D4	T	39	AF-A0A5E4C8D4-F1-model_v6	AF-A0A5E4C8D4-F1	A	A	1	39	39	THR	true	exact	exact_observed	77	T
14	13	A0A5E4C8D4_MARMO/27-137	A0A5E4C8D4	T	40	AF-A0A5E4C8D4-F1-model_v6	AF-A0A5E4C8D4-F1	A	A	1	40	40	THR	true	exact	exact_observed	79	T
15	14	A0A5E4C8D4_MARMO/27-137	A0A5E4C8D4	K	41	AF-A0A5E4C8D4-F1-model_v6	AF-A0A5E4C8D4-F1	A	A	1	41	41	LYS	true	exact	exact_observed	82	K
16	15	A0A5E4C8D4_MARMO/27-137	A0A5E4C8D4	T	42	AF-A0A5E4C8D4-F1-model_v6	AF-A0A5E4C8D4-F1	A	A	1	42	42	THR	true	exact	exact_observed	86	T
17	16	A0A5E4C8D4_MARMO/27-137	A0A5E4C8D4	Y	43	AF-A0A5E4C8D4-F1-model_v6	AF-A0A5E4C8D4-F1	A	A	1	43	43	TYR	true	exact	exact_observed	93	Y
18	17	A0A5E4C8D4_MARMO/27-137	A0A5E4C8D4	F	44	AF-A0A5E4C8D4-F1-model_v6	AF-A0A5E4C8D4-F1	A	A	1	44	44	PHE	true	exact	exact_observed	96	F
19	18	A0A5E4C8D4_MARMO/27-137	A0A5E4C8D4	P	45	AF-A0A5E4C8D4-F1-model_v6	AF-A0A5E4C8D4-F1	A	A	1	45	45	PRO	true	exact	exact_observed	106	P
20	19	A0A5E4C8D4_MARMO/27-137	A0A5E4C8D4	H	46	AF-A0A5E4C8D4-F1-model_v6	AF-A0A5E4C8D4-F1	A	A	1	46	46	HIS	true	exact	exact_observed	118	H
21	20	A0A5E4C8D4_MARMO/27-137	A0A5E4C8D4	F	47	AF-A0A5E4C8D4-F1-model_v6	AF-A0A5E4C8D4-F1	A	A	1	47	47	PHE	true	exact	exact_observed	131	F
22	21	A0A5E4C8D4_MARMO/27-137	A0A5E4C8D4	-		AF-A0A5E4C8D4-F1-model_v6	AF-A0A5E4C8D4-F1	A	A	1				false	not_applicable	alignment_gap	143	-
23	22	A0A5E4C8D4_MARMO/27-137	A0A5E4C8D4	-		AF-A0A5E4C8D4-F1-model_v6	AF-A0A5E4C8D4-F1	A	A	1				false	not_applicable	alignment_gap	153	-
24	23	A0A5E4C8D4_MARMO/27-137	A0A5E4C8D4	-		AF-A0A5E4C8D4-F1-model_v6	AF-A0A5E4C8D4-F1	A	A	1				false	not_applicable	alignment_gap	162	-
25	24	A0A5E4C8D4_MARMO/27-137	A0A5E4C8D4	-		AF-A0A5E4C8D4-F1-model_v6	AF-A0A5E4C8D4-F1	A	A	1				false	not_applicable	alignment_gap	171	-
26	25	A0A5E4C8D4_MARMO/27-137	A0A5E4C8D4	D	48	AF-A0A5E4C8D4-F1-model_v6	AF-A0A5E4C8D4-F1	A	A	1	48	48	ASP	true	exact	exact_observed	176	D
27	26	A0A5E4C8D4_MARMO/27-137	A0A5E4C8D4	L	49	AF-A0A5E4C8D4-F1-model_v6	AF-A0A5E4C8D4-F1	A	A	1	49	49	LEU	true	exact	exact_observed	183	L
28	27	A0A5E4C8D4_MARMO/27-137	A0A5E4C8D4	S	50	AF-A0A5E4C8D4-F1-model_v6	AF-A0A5E4C8D4-F1	A	A	1	50	50	SER	true	exact	exact_observed	190	S
29	28	A0A5E4C8D4_MARMO/27-137	A0A5E4C8D4	H	51	AF-A0A5E4C8D4-F1-model_v6	AF-A0A5E4C8D4-F1	A	A	1	51	51	HIS	true	exact	exact_observed	198	H
30	29	A0A5E4C8D4_MARMO/27-137	A0A5E4C8D4	G	52	AF-A0A5E4C8D4-F1-model_v6	AF-A0A5E4C8D4-F1	A	A	1	52	52	GLY	true	exact	exact_observed	204	G
31	30	A0A5E4C8D4_MARMO/27-137	A0A5E4C8D4	S	53	AF-A0A5E4C8D4-F1-model_v6	AF-A0A5E4C8D4-F1	A	A	1	53	53	SER	true	exact	exact_observed	210	S
32	31	A0A5E4C8D4_MARMO/27-137	A0A5E4C8D4	A	54	AF-A0A5E4C8D4-F1-model_v6	AF-A0A5E4C8D4-F1	A	A	1	54	54	ALA	true	exact	exact_observed	221	A
33	32	A0A5E4C8D4_MARMO/27-137	A0A5E4C8D4	Q	55	AF-A0A5E4C8D4-F1-model_v6	AF-A0A5E4C8D4-F1	A	A	1	55	55	GLN	true	exact	exact_observed	238	Q
34	33	A0A5E4C8D4_MARMO/27-137	A0A5E4C8D4	I	56	AF-A0A5E4C8D4-F1-model_v6	AF-A0A5E4C8D4-F1	A	A	1	56	56	ILE	true	exact	exact_observed	243	I
35	34	A0A5E4C8D4_MARMO/27-137	A0A5E4C8D4	Q	57	AF-A0A5E4C8D4-F1-model_v6	AF-A0A5E4C8D4-F1	A	A	1	57	57	GLN	true	exact	exact_observed	248	Q
36	35	A0A5E4C8D4_MARMO/27-137	A0A5E4C8D4	G	58	AF-A0A5E4C8D4-F1-model_v6	AF-A0A5E4C8D4-F1	A	A	1	58	58	GLY	true	exact	exact_observed	253	G
37	36	A0A5E4C8D4_MARMO/27-137	A0A5E4C8D4	H	59	AF-A0A5E4C8D4-F1-model_v6	AF-A0A5E4C8D4-F1	A	A	1	59	59	HIS	true	exact	exact_observed	258	H
38	37	A0A5E4C8D4_MARMO/27-137	A0A5E4C8D4	G	60	AF-A0A5E4C8D4-F1-model_v6	AF-A0A5E4C8D4-F1	A	A	1	60	60	GLY	true	exact	exact_observed	261	G
39	38	A0A5E4C8D4_MARMO/27-137	A0A5E4C8D4	K	61	AF-A0A5E4C8D4-F1-model_v6	AF-A0A5E4C8D4-F1	A	A	1	61	61	LYS	true	exact	exact_observed	266	K
40	39	A0A5E4C8D4_MARMO/27-137	A0A5E4C8D4	K	62	AF-A0A5E4C8D4-F1-model_v6	AF-A0A5E4C8D4-F1	A	A	1	62	62	LYS	true	exact	exact_observed	270	K
41	40	A0A5E4C8D4_MARMO/27-137	A0A5E4C8D4	V	63	AF-A0A5E4C8D4-F1-model_v6	AF-A0A5E4C8D4-F1	A	A	1	63	63	VAL	true	exact	exact_observed	275	V
42	41	A0A5E4C8D4_MARMO/27-137	A0A5E4C8D4	A	64	AF-A0A5E4C8D4-F1-model_v6	AF-A0A5E4C8D4-F1	A	A	1	64	64	ALA	true	exact	exact_observed	276	A
43	42	A0A5E4C8D4_MARMO/27-137	A0A5E4C8D4	D	65	AF-A0A5E4C8D4-F1-model_v6	AF-A0A5E4C8D4-F1	A	A	1	65	65	ASP	true	exact	exact_observed	279	D
44	43	A0A5E4C8D4_MARMO/27-137	A0A5E4C8D4	A	66	AF-A0A5E4C8D4-F1-model_v6	AF-A0A5E4C8D4-F1	A	A	1	66	66	ALA	true	exact	exact_observed	280	A
45	44	A0A5E4C8D4_MARMO/27-137	A0A5E4C8D4	L	67	AF-A0A5E4C8D4-F1-model_v6	AF-A0A5E4C8D4-F1	A	A	1	67	67	LEU	true	exact	exact_observed	301	L
46	45	A0A5E4C8D4_MARMO/27-137	A0A5E4C8D4	A	68	AF-A0A5E4C8D4-F1-model_v6	AF-A0A5E4C8D4-F1	A	A	1	68	68	ALA	true	exact	exact_observed	302	A
47	46	A0A5E4C8D4_MARMO/27-137	A0A5E4C8D4	N	69	AF-A0A5E4C8D4-F1-model_v6	AF-A0A5E4C8D4-F1	A	A	1	69	69	ASN	true	exact	exact_observed	304	N
48	47	A0A5E4C8D4_MARMO/27-137	A0A5E4C8D4	A	70	AF-A0A5E4C8D4-F1-model_v6	AF-A0A5E4C8D4-F1	A	A	1	70	70	ALA	true	exact	exact_observed	306	A
49	48	A0A5E4C8D4_MARMO/27-137	A0A5E4C8D4	A	71	AF-A0A5E4C8D4-F1-model_v6	AF-A0A5E4C8D4-F1	A	A	1	71	71	ALA	true	exact	exact_observed	308	A
50	49	A0A5E4C8D4_MARMO/27-137	A0A5E4C8D4	A	72	AF-A0A5E4C8D4-F1-model_v6	AF-A0A5E4C8D4-F1	A	A	1	72	72	ALA	true	exact	exact_observed	317	A
51	50	A0A5E4C8D4_MARMO/27-137	A0A5E4C8D4	H	73	AF-A0A5E4C8D4-F1-model_v6	AF-A0A5E4C8D4-F1	A	A	1	73	73	HIS	true	exact	exact_observed	330	H
52	51	A0A5E4C8D4_MARMO/27-137	A0A5E4C8D4	V	74	AF-A0A5E4C8D4-F1-model_v6	AF-A0A5E4C8D4-F1	A	A	1	74	74	VAL	true	exact	exact_observed	335	V
53	52	A0A5E4C8D4_MARMO/27-137	A0A5E4C8D4	D	75	AF-A0A5E4C8D4-F1-model_v6	AF-A0A5E4C8D4-F1	A	A	1	75	75	ASP	true	exact	exact_observed	344	D
54	53	A0A5E4C8D4_MARMO/27-137	A0A5E4C8D4	D	76	AF-A0A5E4C8D4-F1-model_v6	AF-A0A5E4C8D4-F1	A	A	1	76	76	ASP	true	exact	exact_observed	350	D
55	54	A0A5E4C8D4_MARMO/27-137	A0A5E4C8D4	L	77	AF-A0A5E4C8D4-F1-model_v6	AF-A0A5E4C8D4-F1	A	A	1	77	77	LEU	true	exact	exact_observed	354	L
56	55	A0A5E4C8D4_MARMO/27-137	A0A5E4C8D4	P	78	AF-A0A5E4C8D4-F1-model_v6	AF-A0A5E4C8D4-F1	A	A	1	78	78	PRO	true	exact	exact_observed	358	P
57	56	A0A5E4C8D4_MARMO/27-137	A0A5E4C8D4	-		AF-A0A5E4C8D4-F1-model_v6	AF-A0A5E4C8D4-F1	A	A	1				false	not_applicable	alignment_gap	362	-
58	57	A0A5E4C8D4_MARMO/27-137	A0A5E4C8D4	-		AF-A0A5E4C8D4-F1-model_v6	AF-A0A5E4C8D4-F1	A	A	1				false	not_applicable	alignment_gap	364	-
59	58	A0A5E4C8D4_MARMO/27-137	A0A5E4C8D4	-		AF-A0A5E4C8D4-F1-model_v6	AF-A0A5E4C8D4-F1	A	A	1				false	not_applicable	alignment_gap	365	-
60	59	A0A5E4C8D4_MARMO/27-137	A0A5E4C8D4	G	79	AF-A0A5E4C8D4-F1-model_v6	AF-A0A5E4C8D4-F1	A	A	1	79	79	GLY	true	exact	exact_observed	386	G
61	60	A0A5E4C8D4_MARMO/27-137	A0A5E4C8D4	A	80	AF-A0A5E4C8D4-F1-model_v6	AF-A0A5E4C8D4-F1	A	A	1	80	80	ALA	true	exact	exact_observed	387	A
62	61	A0A5E4C8D4_MARMO/27-137	A0A5E4C8D4	L	81	AF-A0A5E4C8D4-F1-model_v6	AF-A0A5E4C8D4-F1	A	A	1	81	81	LEU	true	exact	exact_observed	388	L
63	62	A0A5E4C8D4_MARMO/27-137	A0A5E4C8D4	S	82	AF-A0A5E4C8D4-F1-model_v6	AF-A0A5E4C8D4-F1	A	A	1	82	82	SER	true	exact	exact_observed	389	S
64	63	A0A5E4C8D4_MARMO/27-137	A0A5E4C8D4	A	83	AF-A0A5E4C8D4-F1-model_v6	AF-A0A5E4C8D4-F1	A	A	1	83	83	ALA	true	exact	exact_observed	390	A
65	64	A0A5E4C8D4_MARMO/27-137	A0A5E4C8D4	L	84	AF-A0A5E4C8D4-F1-model_v6	AF-A0A5E4C8D4-F1	A	A	1	84	84	LEU	true	exact	exact_observed	393	L
66	65	A0A5E4C8D4_MARMO/27-137	A0A5E4C8D4	S	85	AF-A0A5E4C8D4-F1-model_v6	AF-A0A5E4C8D4-F1	A	A	1	85	85	SER	true	exact	exact_observed	395	S
67	66	A0A5E4C8D4_MARMO/27-137	A0A5E4C8D4	D	86	AF-A0A5E4C8D4-F1-model_v6	AF-A0A5E4C8D4-F1	A	A	1	86	86	ASP	true	exact	exact_observed	397	D
68	67	A0A5E4C8D4_MARMO/27-137	A0A5E4C8D4	L	87	AF-A0A5E4C8D4-F1-model_v6	AF-A0A5E4C8D4-F1	A	A	1	87	87	LEU	true	exact	exact_observed	400	L
69	68	A0A5E4C8D4_MARMO/27-137	A0A5E4C8D4	H	88	AF-A0A5E4C8D4-F1-model_v6	AF-A0A5E4C8D4-F1	A	A	1	88	88	HIS	true	exact	exact_observed	401	H
70	69	A0A5E4C8D4_MARMO/27-137	A0A5E4C8D4	A	89	AF-A0A5E4C8D4-F1-model_v6	AF-A0A5E4C8D4-F1	A	A	1	89	89	ALA	true	exact	exact_observed	402	A
71	70	A0A5E4C8D4_MARMO/27-137	A0A5E4C8D4	H	90	AF-A0A5E4C8D4-F1-model_v6	AF-A0A5E4C8D4-F1	A	A	1	90	90	HIS	true	exact	exact_observed	412	H
72	71	A0A5E4C8D4_MARMO/27-137	A0A5E4C8D4	K	91	AF-A0A5E4C8D4-F1-model_v6	AF-A0A5E4C8D4-F1	A	A	1	91	91	LYS	true	exact	exact_observed	413	K
73	72	A0A5E4C8D4_MARMO/27-137	A0A5E4C8D4	L	92	AF-A0A5E4C8D4-F1-model_v6	AF-A0A5E4C8D4-F1	A	A	1	92	92	LEU	true	exact	exact_observed	414	L
74	73	A0A5E4C8D4_MARMO/27-137	A0A5E4C8D4	R	93	AF-A0A5E4C8D4-F1-model_v6	AF-A0A5E4C8D4-F1	A	A	1	93	93	ARG	true	exact	exact_observed	419	R
75	74	A0A5E4C8D4_MARMO/27-137	A0A5E4C8D4	V	94	AF-A0A5E4C8D4-F1-model_v6	AF-A0A5E4C8D4-F1	A	A	1	94	94	VAL	true	exact	exact_observed	424	V
76	75	A0A5E4C8D4_MARMO/27-137	A0A5E4C8D4	D	95	AF-A0A5E4C8D4-F1-model_v6	AF-A0A5E4C8D4-F1	A	A	1	95	95	ASP	true	exact	exact_observed	429	D
77	76	A0A5E4C8D4_MARMO/27-137	A0A5E4C8D4	P	96	AF-A0A5E4C8D4-F1-model_v6	AF-A0A5E4C8D4-F1	A	A	1	96	96	PRO	true	exact	exact_observed	432	P
78	77	A0A5E4C8D4_MARMO/27-137	A0A5E4C8D4	V	97	AF-A0A5E4C8D4-F1-model_v6	AF-A0A5E4C8D4-F1	A	A	1	97	97	VAL	true	exact	exact_observed	450	V
79	78	A0A5E4C8D4_MARMO/27-137	A0A5E4C8D4	N	98	AF-A0A5E4C8D4-F1-model_v6	AF-A0A5E4C8D4-F1	A	A	1	98	98	ASN	true	exact	exact_observed	453	N
80	79	A0A5E4C8D4_MARMO/27-137	A0A5E4C8D4	F	99	AF-A0A5E4C8D4-F1-model_v6	AF-A0A5E4C8D4-F1	A	A	1	99	99	PHE	true	exact	exact_observed	464	F
81	80	A0A5E4C8D4_MARMO/27-137	A0A5E4C8D4	K	100	AF-A0A5E4C8D4-F1-model_v6	AF-A0A5E4C8D4-F1	A	A	1	100	100	LYS	true	exact	exact_observed	478	K
82	81	A0A5E4C8D4_MARMO/27-137	A0A5E4C8D4	L	101	AF-A0A5E4C8D4-F1-model_v6	AF-A0A5E4C8D4-F1	A	A	1	101	101	LEU	true	exact	exact_observed	494	L
83	82	A0A5E4C8D4_MARMO/27-137	A0A5E4C8D4	L	102	AF-A0A5E4C8D4-F1-model_v6	AF-A0A5E4C8D4-F1	A	A	1	102	102	LEU	true	exact	exact_observed	507	L
84	83	A0A5E4C8D4_MARMO/27-137	A0A5E4C8D4	S	103	AF-A0A5E4C8D4-F1-model_v6	AF-A0A5E4C8D4-F1	A	A	1	103	103	SER	true	exact	exact_observed	513	S
85	84	A0A5E4C8D4_MARMO/27-137	A0A5E4C8D4	H	104	AF-A0A5E4C8D4-F1-model_v6	AF-A0A5E4C8D4-F1	A	A	1	104	104	HIS	true	exact	exact_observed	520	H
86	85	A0A5E4C8D4_MARMO/27-137	A0A5E4C8D4	C	105	AF-A0A5E4C8D4-F1-model_v6	AF-A0A5E4C8D4-F1	A	A	1	105	105	CYS	true	exact	exact_observed	533	C
87	86	A0A5E4C8D4_MARMO/27-137	A0A5E4C8D4	L	106	AF-A0A5E4C8D4-F1-model_v6	AF-A0A5E4C8D4-F1	A	A	1	106	106	LEU	true	exact	exact_observed	536	L
88	87	A0A5E4C8D4_MARMO/27-137	A0A5E4C8D4	L	107	AF-A0A5E4C8D4-F1-model_v6	AF-A0A5E4C8D4-F1	A	A	1	107	107	LEU	true	exact	exact_observed	539	L
89	88	A0A5E4C8D4_MARMO/27-137	A0A5E4C8D4	V	108	AF-A0A5E4C8D4-F1-model_v6	AF-A0A5E4C8D4-F1	A	A	1	108	108	VAL	true	exact	exact_observed	553	V
90	89	A0A5E4C8D4_MARMO/27-137	A0A5E4C8D4	T	109	AF-A0A5E4C8D4-F1-model_v6	AF-A0A5E4C8D4-F1	A	A	1	109	109	THR	true	exact	exact_observed	557	T
91	90	A0A5E4C8D4_MARMO/27-137	A0A5E4C8D4	L	110	AF-A0A5E4C8D4-F1-model_v6	AF-A0A5E4C8D4-F1	A	A	1	110	110	LEU	true	exact	exact_observed	561	L
92	91	A0A5E4C8D4_MARMO/27-137	A0A5E4C8D4	A	111	AF-A0A5E4C8D4-F1-model_v6	AF-A0A5E4C8D4-F1	A	A	1	111	111	ALA	true	exact	exact_observed	563	A
93	92	A0A5E4C8D4_MARMO/27-137	A0A5E4C8D4	A	112	AF-A0A5E4C8D4-F1-model_v6	AF-A0A5E4C8D4-F1	A	A	1	112	112	ALA	true	exact	exact_observed	564	A
94	93	A0A5E4C8D4_MARMO/27-137	A0A5E4C8D4	H	113	AF-A0A5E4C8D4-F1-model_v6	AF-A0A5E4C8D4-F1	A	A	1	113	113	HIS	true	exact	exact_observed	566	H
95	94	A0A5E4C8D4_MARMO/27-137	A0A5E4C8D4	H	114	AF-A0A5E4C8D4-F1-model_v6	AF-A0A5E4C8D4-F1	A	A	1	114	114	HIS	true	exact	exact_observed	567	H
96	95	A0A5E4C8D4_MARMO/27-137	A0A5E4C8D4	P	115	AF-A0A5E4C8D4-F1-model_v6	AF-A0A5E4C8D4-F1	A	A	1	115	115	PRO	true	exact	exact_observed	568	P
97	96	A0A5E4C8D4_MARMO/27-137	A0A5E4C8D4	A	116	AF-A0A5E4C8D4-F1-model_v6	AF-A0A5E4C8D4-F1	A	A	1	116	116	ALA	true	exact	exact_observed	577	a
98	97	A0A5E4C8D4_MARMO/27-137	A0A5E4C8D4	E	117	AF-A0A5E4C8D4-F1-model_v6	AF-A0A5E4C8D4-F1	A	A	1	117	117	GLU	true	exact	exact_observed	578	E
99	98	A0A5E4C8D4_MARMO/27-137	A0A5E4C8D4	F	118	AF-A0A5E4C8D4-F1-model_v6	AF-A0A5E4C8D4-F1	A	A	1	118	118	PHE	true	exact	exact_observed	579	F
100	99	A0A5E4C8D4_MARMO/27-137	A0A5E4C8D4	T	119	AF-A0A5E4C8D4-F1-model_v6	AF-A0A5E4C8D4-F1	A	A	1	119	119	THR	true	exact	exact_observed	581	T
101	100	A0A5E4C8D4_MARMO/27-137	A0A5E4C8D4	P	120	AF-A0A5E4C8D4-F1-model_v6	AF-A0A5E4C8D4-F1	A	A	1	120	120	PRO	true	exact	exact_observed	583	P
102	101	A0A5E4C8D4_MARMO/27-137	A0A5E4C8D4	A	121	AF-A0A5E4C8D4-F1-model_v6	AF-A0A5E4C8D4-F1	A	A	1	121	121	ALA	true	exact	exact_observed	586	A
103	102	A0A5E4C8D4_MARMO/27-137	A0A5E4C8D4	V	122	AF-A0A5E4C8D4-F1-model_v6	AF-A0A5E4C8D4-F1	A	A	1	122	122	VAL	true	exact	exact_observed	591	V
104	103	A0A5E4C8D4_MARMO/27-137	A0A5E4C8D4	H	123	AF-A0A5E4C8D4-F1-model_v6	AF-A0A5E4C8D4-F1	A	A	1	123	123	HIS	true	exact	exact_observed	596	H
105	104	A0A5E4C8D4_MARMO/27-137	A0A5E4C8D4	A	124	AF-A0A5E4C8D4-F1-model_v6	AF-A0A5E4C8D4-F1	A	A	1	124	124	ALA	true	exact	exact_observed	601	A
106	105	A0A5E4C8D4_MARMO/27-137	A0A5E4C8D4	S	125	AF-A0A5E4C8D4-F1-model_v6	AF-A0A5E4C8D4-F1	A	A	1	125	125	SER	true	exact	exact_observed	608	S
107	106	A0A5E4C8D4_MARMO/27-137	A0A5E4C8D4	L	126	AF-A0A5E4C8D4-F1-model_v6	AF-A0A5E4C8D4-F1	A	A	1	126	126	LEU	true	exact	exact_observed	609	L
108	107	A0A5E4C8D4_MARMO/27-137	A0A5E4C8D4	D	127	AF-A0A5E4C8D4-F1-model_v6	AF-A0A5E4C8D4-F1	A	A	1	127	127	ASP	true	exact	exact_observed	610	D
109	108	A0A5E4C8D4_MARMO/27-137	A0A5E4C8D4	K	128	AF-A0A5E4C8D4-F1-model_v6	AF-A0A5E4C8D4-F1	A	A	1	128	128	LYS	true	exact	exact_observed	611	K
110	109	A0A5E4C8D4_MARMO/27-137	A0A5E4C8D4	F	129	AF-A0A5E4C8D4-F1-model_v6	AF-A0A5E4C8D4-F1	A	A	1	129	129	PHE	true	exact	exact_observed	612	F
111	110	A0A5E4C8D4_MARMO/27-137	A0A5E4C8D4	L	130	AF-A0A5E4C8D4-F1-model_v6	AF-A0A5E4C8D4-F1	A	A	1	130	130	LEU	true	exact	exact_observed	613	L
112	111	A0A5E4C8D4_MARMO/27-137	A0A5E4C8D4	A	131	AF-A0A5E4C8D4-F1-model_v6	AF-A0A5E4C8D4-F1	A	A	1	131	131	ALA	true	exact	exact_observed	614	A
113	112	A0A5E4C8D4_MARMO/27-137	A0A5E4C8D4	S	132	AF-A0A5E4C8D4-F1-model_v6	AF-A0A5E4C8D4-F1	A	A	1	132	132	SER	true	exact	exact_observed	616	S
114	113	A0A5E4C8D4_MARMO/27-137	A0A5E4C8D4	V	133	AF-A0A5E4C8D4-F1-model_v6	AF-A0A5E4C8D4-F1	A	A	1	133	133	VAL	true	exact	exact_observed	617	V
115	114	A0A5E4C8D4_MARMO/27-137	A0A5E4C8D4	S	134	AF-A0A5E4C8D4-F1-model_v6	AF-A0A5E4C8D4-F1	A	A	1	134	134	SER	true	exact	exact_observed	618	S
116	115	A0A5E4C8D4_MARMO/27-137	A0A5E4C8D4	T	135	AF-A0A5E4C8D4-F1-model_v6	AF-A0A5E4C8D4-F1	A	A	1	135	135	THR	true	exact	exact_observed	619	T
117	116	A0A5E4C8D4_MARMO/27-137	A0A5E4C8D4	V	136	AF-A0A5E4C8D4-F1-model_v6	AF-A0A5E4C8D4-F1	A	A	1	136	136	VAL	true	exact	exact_observed	620	V
118	117	A0A5E4C8D4_MARMO/27-137	A0A5E4C8D4	L	137	AF-A0A5E4C8D4-F1-model_v6	AF-A0A5E4C8D4-F1	A	A	1	137	137	LEU	true	exact	exact_observed	621	L
