position_1based	index_0based	variant_record_count	provenance_class
1	0	0	transformed-real
2	1	0	transformed-real
3	2	0	transformed-real
4	3	0	transformed-real
5	4	1	transformed-real
6	5	1	transformed-real
7	6	1	transformed-real
8	7	1	transformed-real
9	8	0	transformed-real
10	9	1	transformed-real
11	10	2	transformed-real
12	11	0	transformed-real
13	12	0	transformed-real
14	13	0	transformed-real
15	14	1	transformed-real
16	15	1	transformed-real
17	16	1	transformed-real
18	17	0	transformed-real
19	18	0	transformed-real
20	19	0	transformed-real
21	20	0	transformed-real
22	21	0	transformed-real
23	22	0	transformed-real
24	23	1	transformed-real
25	24	0	transformed-real
26	25	0	transformed-real
27	26	0	transformed-real
28	27	1	transformed-real
29	28	1	transformed-real
30	29	1	transformed-real
31	30	1	transformed-real
32	31	0	transformed-real
33	32	1	transformed-real
34	33	1	transformed-real
35	34	1	transformed-real
36	35	1	transformed-real
37	36	2	transformed-real
38	37	0	transformed-real
39	38	2	transformed-real
40	39	0	transformed-real
41	40	0	transformed-real
42	41	1	transformed-real
43	42	1	transformed-real
44	43	3	transformed-real
45	44	1	transformed-real
46	45	2	transformed-real
47	46	2	transformed-real
48	47	1	transformed-real
49	48	3	transformed-real
50	49	0	transformed-real
51	50	0	transformed-real
52	51	1	transformed-real
53	52	2	transformed-real
54	53	2	transformed-real
55	54	0	transformed-real
56	55	2	transformed-real
57	56	0	transformed-real
58	57	2	transformed-real
59	58	3	transformed-real
60	59	3	transformed-real
61	60	2	transformed-real
62	61	1	transformed-real
63	62	2	transformed-real
64	63	0	transformed-real
65	64	1	transformed-real
66	65	2	transformed-real
67	66	3	transformed-real
68	67	2	transformed-real
69	68	4	transformed-real
70	69	1	transformed-real
71	70	1	transformed-real
72	71	5	transformed-real
73	72	3	transformed-real
74	73	1	transformed-real
75	74	3	transformed-real
76	75	2	transformed-real
77	76	1	transformed-real
78	77	1	transformed-real
79	78	3	transformed-real
80	79	2	transformed-real
81	80	1	transformed-real
82	81	2	transformed-real
83	82	2	transformed-real
84	83	2	transformed-real
85	84	2	transformed-real
86	85	1	transformed-real
87	86	1	transformed-real
88	87	2	transformed-real
89	88	2	transformed-real
90	89	2	transformed-real
91	90	1	transformed-real
92	91	3	transformed-real
93	92	2	transformed-real
94	93	2	transformed-real
95	94	2	transformed-real
96	95	3	transformed-real
97	96	3	transformed-real
98	97	2	transformed-real
99	98	2	transformed-real
100	99	1	transformed-real
101	100	2	transformed-real
102	101	1	transformed-real
103	102	0	transformed-real
104	103	2	transformed-real
105	104	5	transformed-real
106	105	2	transformed-real
107	106	3	transformed-real
108	107	2	transformed-real
109	108	3	transformed-real
110	109	6	transformed-real
111	110	4	transformed-real
112	111	2	transformed-real
113	112	6	transformed-real
114	113	0	transformed-real
115	114	1	transformed-real
116	115	3	transformed-real
117	116	2	transformed-real
118	117	3	transformed-real
119	118	2	transformed-real
120	119	4	transformed-real
121	120	1	transformed-real
122	121	1	transformed-real
123	122	2	transformed-real
124	123	5	transformed-real
125	124	5	transformed-real
126	125	7	transformed-real
127	126	5	transformed-real
128	127	4	transformed-real
129	128	4	transformed-real
130	129	6	transformed-real
131	130	7	transformed-real
132	131	9	transformed-real
133	132	7	transformed-real
134	133	5	transformed-real
135	134	7	transformed-real
136	135	5	transformed-real
137	136	4	transformed-real
138	137	5	transformed-real
139	138	5	transformed-real
140	139	5	transformed-real
141	140	7	transformed-real
142	141	7	transformed-real
143	142	5	transformed-real
144	143	5	transformed-real
145	144	5	transformed-real
146	145	5	transformed-real
147	146	6	transformed-real
148	147	6	transformed-real
149	148	3	transformed-real
150	149	6	transformed-real
151	150	6	transformed-real
152	151	6	transformed-real
153	152	7	transformed-real
154	153	6	transformed-real
155	154	6	transformed-real
156	155	6	transformed-real
157	156	6	transformed-real
158	157	9	transformed-real
159	158	7	transformed-real
160	159	7	transformed-real
161	160	10	transformed-real
162	161	6	transformed-real
163	162	6	transformed-real
164	163	6	transformed-real
165	164	5	transformed-real
166	165	5	transformed-real
167	166	6	transformed-real
168	167	11	transformed-real
169	168	6	transformed-real
170	169	6	transformed-real
171	170	6	transformed-real
172	171	5	transformed-real
173	172	6	transformed-real
174	173	6	transformed-real
175	174	7	transformed-real
176	175	7	transformed-real
177	176	9	transformed-real
178	177	9	transformed-real
179	178	8	transformed-real
180	179	6	transformed-real
181	180	6	transformed-real
182	181	3	transformed-real
183	182	2	transformed-real
184	183	5	transformed-real
185	184	6	transformed-real
186	185	6	transformed-real
187	186	6	transformed-real
188	187	2	transformed-real
189	188	6	transformed-real
190	189	6	transformed-real
191	190	5	transformed-real
192	191	7	transformed-real
193	192	9	transformed-real
194	193	6	transformed-real
195	194	7	transformed-real
196	195	5	transformed-real
197	196	4	transformed-real
198	197	5	transformed-real
199	198	4	transformed-real
200	199	6	transformed-real
201	200	4	transformed-real
202	201	7	transformed-real
203	202	6	transformed-real
204	203	7	transformed-real
205	204	6	transformed-real
206	205	2	transformed-real
207	206	7	transformed-real
208	207	8	transformed-real
209	208	4	transformed-real
210	209	7	transformed-real
211	210	5	transformed-real
212	211	5	transformed-real
213	212	5	transformed-real
214	213	5	transformed-real
215	214	7	transformed-real
216	215	6	transformed-real
217	216	6	transformed-real
218	217	5	transformed-real
219	218	6	transformed-real
220	219	6	transformed-real
221	220	5	transformed-real
222	221	6	transformed-real
223	222	6	transformed-real
224	223	4	transformed-real
225	224	6	transformed-real
226	225	5	transformed-real
227	226	4	transformed-real
228	227	8	transformed-real
229	228	5	transformed-real
230	229	5	transformed-real
231	230	4	transformed-real
232	231	6	transformed-real
233	232	6	transformed-real
234	233	8	transformed-real
235	234	7	transformed-real
236	235	6	transformed-real
237	236	6	transformed-real
238	237	7	transformed-real
239	238	7	transformed-real
240	239	7	transformed-real
241	240	6	transformed-real
242	241	6	transformed-real
243	242	8	transformed-real
244	243	9	transformed-real
245	244	11	transformed-real
246	245	6	transformed-real
247	246	9	transformed-real
248	247	8	transformed-real
249	248	10	transformed-real
250	249	10	transformed-real
251	250	7	transformed-real
252	251	5	transformed-real
253	252	5	transformed-real
254	253	8	transformed-real
255	254	6	transformed-real
256	255	4	transformed-real
257	256	4	transformed-real
258	257	7	transformed-real
259	258	9	transformed-real
260	259	6	transformed-real
261	260	5	transformed-real
262	261	6	transformed-real
263	262	6	transformed-real
264	263	5	transformed-real
265	264	4	transformed-real
266	265	4	transformed-real
267	266	5	transformed-real
268	267	6	transformed-real
269	268	6	transformed-real
270	269	6	transformed-real
271	270	8	transformed-real
272	271	5	transformed-real
273	272	9	transformed-real
274	273	6	transformed-real
275	274	6	transformed-real
276	275	6	transformed-real
277	276	6	transformed-real
278	277	7	transformed-real
279	278	4	transformed-real
280	279	6	transformed-real
281	280	9	transformed-real
282	281	7	transformed-real
283	282	6	transformed-real
284	283	4	transformed-real
285	284	6	transformed-real
286	285	7	transformed-real
287	286	5	transformed-real
288	287	5	transformed-real
289	288	5	transformed-real
290	289	3	transformed-real
291	290	6	transformed-real
292	291	7	transformed-real
293	292	4	transformed-real
294	293	6	transformed-real
295	294	4	transformed-real
296	295	8	transformed-real
297	296	5	transformed-real
298	297	5	transformed-real
299	298	4	transformed-real
300	299	4	transformed-real
301	300	5	transformed-real
302	301	4	transformed-real
303	302	4	transformed-real
304	303	4	transformed-real
305	304	5	transformed-real
306	305	2	transformed-real
307	306	3	transformed-real
308	307	2	transformed-real
309	308	2	transformed-real
310	309	2	transformed-real
311	310	4	transformed-real
312	311	2	transformed-real
313	312	4	transformed-real
314	313	1	transformed-real
315	314	3	transformed-real
316	315	2	transformed-real
317	316	5	transformed-real
318	317	1	transformed-real
319	318	3	transformed-real
320	319	1	transformed-real
321	320	2	transformed-real
322	321	2	transformed-real
323	322	5	transformed-real
324	323	3	transformed-real
325	324	3	transformed-real
326	325	1	transformed-real
327	326	2	transformed-real
328	327	3	transformed-real
329	328	2	transformed-real
330	329	3	transformed-real
331	330	3	transformed-real
332	331	1	transformed-real
333	332	0	transformed-real
334	333	2	transformed-real
335	334	3	transformed-real
336	335	0	transformed-real
337	336	4	transformed-real
338	337	2	transformed-real
339	338	2	transformed-real
340	339	0	transformed-real
341	340	1	transformed-real
342	341	3	transformed-real
343	342	1	transformed-real
344	343	2	transformed-real
345	344	0	transformed-real
346	345	1	transformed-real
347	346	2	transformed-real
348	347	2	transformed-real
349	348	1	transformed-real
350	349	0	transformed-real
351	350	0	transformed-real
352	351	1	transformed-real
353	352	1	transformed-real
354	353	3	transformed-real
355	354	0	transformed-real
356	355	2	transformed-real
357	356	0	transformed-real
358	357	2	transformed-real
359	358	0	transformed-real
360	359	2	transformed-real
361	360	0	transformed-real
362	361	0	transformed-real
363	362	1	transformed-real
364	363	3	transformed-real
365	364	2	transformed-real
366	365	1	transformed-real
367	366	0	transformed-real
368	367	0	transformed-real
369	368	0	transformed-real
370	369	1	transformed-real
371	370	0	transformed-real
372	371	0	transformed-real
373	372	0	transformed-real
374	373	0	transformed-real
375	374	0	transformed-real
376	375	2	transformed-real
377	376	0	transformed-real
378	377	0	transformed-real
379	378	1	transformed-real
380	379	0	transformed-real
381	380	0	transformed-real
382	381	0	transformed-real
383	382	0	transformed-real
384	383	0	transformed-real
385	384	1	transformed-real
386	385	0	transformed-real
387	386	0	transformed-real
388	387	0	transformed-real
389	388	1	transformed-real
390	389	0	transformed-real
391	390	0	transformed-real
392	391	1	transformed-real
393	392	0	transformed-real
